DATE,PRCP,TMAX,TMIN
2015-01-12,0,16,3.8999999999999999
2015-01-14,0,16.199999999999999,5.2000000000000002
2015-01-17,0,14.6,7.9000000000000004
2015-01-18,0,13.9,2.8999999999999999
2015-01-26,0,13.699999999999999,0.90000000000000002
2015-02-07,16,12.6,4.7000000000000002
2015-03-26,6,16.800000000000001,11.699999999999999
2015-03-28,0,19.300000000000001,4.2999999999999998
2015-04-04,38,17.300000000000001,11.5
2015-04-23,8,22.399999999999999,10.1
2015-05-23,0,21.699999999999999,9.8000000000000007
2015-05-28,0,22.5,12.300000000000001
2015-06-04,0,26.100000000000001,13.699999999999999
2015-07-18,0,33.399999999999999,21.199999999999999
2015-07-26,0,28.699999999999999,18.300000000000001
2015-08-27,0,29.5,17.399999999999999
2015-08-31,0,29.899999999999999,18.5
2015-09-29,0,24.5,15.1
2015-10-08,0,23,12.6
2015-12-01,0,17.5,5.9000000000000004
2015-12-17,2,17,6.4000000000000004
2015-12-21,0,17.5,5.2000000000000002
2015-02-01,2,12.4,5.4000000000000004
2015-02-12,0,15.699999999999999,2.7000000000000002
2015-02-14,172,15.1,5.4000000000000004
2015-03-03,0,17.899999999999999,7
2015-03-10,0,15.199999999999999,3
2015-03-13,0,15.6,3.7999999999999998
2015-03-15,80,15.5,9.0999999999999996
2015-03-22,0,16,9.3000000000000007
2015-03-25,4,16.199999999999999,11.5
2015-04-18,0,19.600000000000001,11.4
2015-04-21,0,19.5,6.7000000000000002
2015-04-25,0,21.300000000000001,11.1
2015-06-14,6,26.100000000000001,21
2015-07-08,0,30.699999999999999,20
2015-07-21,0,31.100000000000001,20.600000000000001
2015-08-24,0,29.300000000000001,22.5
2015-08-26,0,28.100000000000001,14.800000000000001
2015-09-28,208,24.800000000000001,14
2015-10-12,0,23.100000000000001,14.300000000000001
2015-10-18,0,24,11
2015-11-18,0,20.5,10.6
2015-11-24,0,16.899999999999999,5.0999999999999996
2015-12-23,2,17,5.7999999999999998
2015-01-28,28,13.9,2
2015-02-20,0,15.1,2.5
2015-02-26,0,15,5.2000000000000002
2015-03-09,0,14.6,3.6000000000000001
2015-03-18,0,17.899999999999999,8.0999999999999996
2015-03-21,0,16.899999999999999,8.3000000000000007
2015-03-27,0,18.5,7.4000000000000004
2015-04-17,0,19.699999999999999,13.9
2015-05-01,0,21.199999999999999,8.1999999999999993
2015-05-20,6,21.199999999999999,14.699999999999999
2015-06-10,0,30.100000000000001,17.5
2015-06-20,0,26.899999999999999,18.600000000000001
2015-07-25,0,31.300000000000001,23.399999999999999
2015-08-18,2,28.100000000000001,15.4
2015-09-01,0,31.699999999999999,18.5
2015-10-03,2,25.399999999999999,12.199999999999999
2015-11-15,0,20.5,10.199999999999999
2015-12-05,0,16.899999999999999,9.3000000000000007
2015-12-07,24,17.800000000000001,10.300000000000001
2015-12-20,2,17.199999999999999,7.2999999999999998
2015-01-06,0,16,3.8999999999999999
2015-02-05,0,12.6,6.4000000000000004
2015-03-04,220,14.5,5.0999999999999996
2015-04-01,0,17.600000000000001,9.5
2015-05-22,0,22.800000000000001,8.5999999999999996
2015-06-03,0,28.699999999999999,13.800000000000001
2015-06-09,0,26.899999999999999,16.600000000000001
2015-06-11,0,30.699999999999999,17.5
2015-06-13,8,30,19
2015-06-16,161,25.899999999999999,17.300000000000001
2015-07-17,0,34.399999999999999,21.199999999999999
2015-07-30,61,30.5,20.300000000000001
2015-08-03,0,29.600000000000001,16.899999999999999
2015-08-05,0,29.399999999999999,19.899999999999999
2015-08-07,0,31.300000000000001,21.199999999999999
2015-08-19,0,27.600000000000001,16.399999999999999
2015-09-04,2,27.399999999999999,17.199999999999999
2015-09-09,0,27.399999999999999,14.5
2015-10-20,0,21.699999999999999,12.699999999999999
2015-11-23,33,13.9,5.4000000000000004
2015-02-25,12,16.399999999999999,4.9000000000000004
2015-03-16,153,13.699999999999999,6.7000000000000002
2015-03-30,0,18.600000000000001,9.4000000000000004
2015-03-31,0,20.100000000000001,8.5
2015-04-12,0,18.800000000000001,5.4000000000000004
2015-05-06,0,32.399999999999999,16.5
2015-05-08,0,23.699999999999999,7.7000000000000002
2015-05-15,0,21.600000000000001,16.899999999999999
2015-05-24,0,22.100000000000001,14.5
2015-05-27,4,23.199999999999999,11.800000000000001
2015-06-17,0,26.399999999999999,15.6
2015-06-27,0,26.699999999999999,15.6
2015-08-21,0,27.800000000000001,16.100000000000001
2015-08-22,0,28.300000000000001,15.800000000000001
2015-09-08,0,28.699999999999999,14.800000000000001
2015-09-16,0,30.5,17
2015-10-01,791,24.100000000000001,14.800000000000001
2015-11-12,0,19.600000000000001,13.9
2015-11-21,146,18.300000000000001,14.1
2015-11-25,64,10.800000000000001,3.5
2015-12-10,0,16.800000000000001,6.7000000000000002
2015-12-15,0,16.300000000000001,4.5
2015-12-30,0,17,10
2015-01-10,0,17.800000000000001,7.0999999999999996
2015-02-09,0,13.300000000000001,1.3999999999999999
2015-02-11,0,14.5,2
2015-03-05,0,13.699999999999999,7.2000000000000002
2015-05-03,0,25.300000000000001,12
2015-05-25,0,23.199999999999999,11.1
2015-05-30,0,24.100000000000001,11.699999999999999
2015-06-18,0,26,16.300000000000001
2015-06-25,0,29.399999999999999,16.600000000000001
2015-06-29,0,29,19.300000000000001
2015-07-10,0,29.800000000000001,21
2015-08-04,0,30.800000000000001,19.5
2015-08-06,0,30.100000000000001,20.100000000000001
2015-08-14,0,30,20.199999999999999
2015-09-03,0,27.899999999999999,16.300000000000001
2015-09-12,49,29.600000000000001,16.199999999999999
2015-09-24,0,25.399999999999999,10.699999999999999
2015-10-19,0,23.399999999999999,12.199999999999999
2015-10-23,0,20.600000000000001,7.9000000000000004
2015-11-10,0,21.800000000000001,14.699999999999999
2015-11-16,0,20.300000000000001,9.5999999999999996
2015-01-20,2,13.699999999999999,4.2999999999999998
2015-11-22,82,13.800000000000001,5.0999999999999996
2015-01-21,48,14.699999999999999,3.7999999999999998
2015-01-30,0,13.199999999999999,9.4000000000000004
2015-02-17,0,16.699999999999999,8.5
2015-01-31,0,14,7.0999999999999996
2015-03-02,0,16.600000000000001,9.0999999999999996
2015-02-10,0,13.9,0.90000000000000002
2015-03-08,0,15.300000000000001,2.1000000000000001
2015-02-15,151,13.800000000000001,5
2015-03-12,0,16.699999999999999,4.9000000000000004
2015-03-01,24,12.5,4.2000000000000002
2015-04-02,0,17.100000000000001,4.5
2015-03-14,14,16.300000000000001,6.7000000000000002
2015-04-06,0,16.699999999999999,4.2999999999999998
2015-03-23,0,16.899999999999999,6.5
2015-04-07,0,16.699999999999999,2.7000000000000002
2015-04-13,0,18.5,6.0999999999999996
2015-04-09,0,17.699999999999999,4.2000000000000002
2015-04-24,0,20.300000000000001,8.1999999999999993
2015-01-09,0,16.199999999999999,7.0999999999999996
2015-05-07,0,24.399999999999999,11.699999999999999
2015-05-12,0,25.399999999999999,13
2015-01-15,0,16.300000000000001,3.7999999999999998
2015-05-13,0,24.5,11.4
2015-05-17,0,23.800000000000001,10.9
2015-02-28,0,13.1,3.6000000000000001
2015-06-28,0,27.100000000000001,16.300000000000001
2015-05-26,159,22.300000000000001,10.4
2015-04-29,2,18.600000000000001,7.9000000000000004
2015-07-22,0,31.800000000000001,20.600000000000001
2015-05-29,0,22.5,10.300000000000001
2015-05-11,0,25.300000000000001,12.4
2015-08-13,0,30.699999999999999,20.199999999999999
2015-06-22,0,26.199999999999999,16
2015-06-07,0,27.899999999999999,17.199999999999999
2015-09-07,0,26.100000000000001,14.1
2015-07-11,0,31.899999999999999,19.800000000000001
2015-07-07,0,32.299999999999997,20.300000000000001
2015-09-11,0,27.899999999999999,16.199999999999999
2015-08-02,0,29.699999999999999,18.100000000000001
2015-07-29,0,29,16.699999999999999
2015-10-15,0,18.100000000000001,10.699999999999999
2015-08-12,0,30.199999999999999,20.199999999999999
2015-08-01,0,30.199999999999999,19.5
2015-10-24,0,21.5,9.3000000000000007
2015-09-13,0,29.5,18.399999999999999
2015-09-06,0,24.5,14.1
2015-10-29,12,19.600000000000001,11.699999999999999
2015-09-18,0,28.199999999999999,18.699999999999999
2015-10-04,0,27.100000000000001,18.199999999999999
2015-11-27,0,16.5,3.2000000000000002
2015-09-27,18,25.5,14.300000000000001
2015-10-17,0,20.600000000000001,8.3000000000000007
2015-11-30,0,17.800000000000001,5.5
2015-10-05,0,25.5,16.699999999999999
2015-10-21,4,20.5,11.699999999999999
2015-12-08,0,17.899999999999999,7.5
2015-10-11,2,23.399999999999999,12.699999999999999
2015-10-31,0,22.100000000000001,9.4000000000000004
2015-12-26,0,17,6.2000000000000002
2015-10-30,0,20.199999999999999,8.5
2015-11-04,26,22.399999999999999,12.4
2015-11-02,0,21.5,8.5999999999999996
2015-11-08,0,20.5,8.8000000000000007
2015-11-26,0,16,5.4000000000000004
2015-11-28,0,15.4,4
2015-12-25,0,17.100000000000001,5.2999999999999998
2015-12-28,0,16.600000000000001,6.5
2015-01-08,0,14.9,6.7000000000000002
2015-02-03,64,11.800000000000001,3.3999999999999999
2015-03-06,0,16,1.5
2015-04-05,2,15.199999999999999,8.6999999999999993
2015-04-19,0,20.5,9.1999999999999993
2015-04-30,0,19.300000000000001,10.300000000000001
2015-05-02,0,21.100000000000001,15.199999999999999
2015-06-21,0,28.100000000000001,16.899999999999999
2015-07-04,0,32.700000000000003,21.199999999999999
2015-07-09,0,29,19.399999999999999
2015-07-12,0,29,18.600000000000001
2015-07-28,0,28.699999999999999,19.199999999999999
2015-08-09,0,31.399999999999999,21.899999999999999
2015-08-10,4,27.800000000000001,19.899999999999999
2015-08-30,0,31.899999999999999,16.5
2015-09-19,0,26,15.199999999999999
2015-09-21,0,25.5,12.4
2015-09-30,145,23.600000000000001,13.1
2015-10-02,26,20.300000000000001,15.6
2015-10-13,158,24,17.5
2015-11-06,0,20.899999999999999,11
2015-11-11,0,21.300000000000001,12
2015-12-02,0,16.800000000000001,5.9000000000000004
2015-01-05,0,16.5,2.6000000000000001
2015-01-16,51,20.699999999999999,7
2015-01-19,0,14.199999999999999,1.8
2015-03-07,0,15,1.8
2015-03-20,0,18.399999999999999,5.5999999999999996
2015-05-14,0,25,12.800000000000001
2015-06-23,0,28.100000000000001,15.6
2015-06-24,0,27.199999999999999,16.800000000000001
2015-06-30,0,28.399999999999999,17.899999999999999
2015-07-01,0,30.899999999999999,18.300000000000001
2015-07-31,0,28,19.699999999999999
2015-08-08,0,33.200000000000003,20.899999999999999
2015-08-25,0,29.300000000000001,19.600000000000001
2015-09-02,0,28.899999999999999,18
2015-09-05,0,27.199999999999999,17.199999999999999
2015-09-25,0,25.699999999999999,13
2015-11-03,8,21.399999999999999,11.1
2015-11-09,0,20.800000000000001,8.5
2015-11-14,0,20.800000000000001,14.300000000000001
2015-12-03,0,15.6,8.8000000000000007
2015-12-06,14,18.600000000000001,8.9000000000000004
2015-01-03,0,16.399999999999999,5.7000000000000002
2015-01-24,0,15.6,2
2015-02-24,32,11.6,7.9000000000000004
2015-02-27,0,15.199999999999999,7.2000000000000002
2015-01-07,0,15.800000000000001,7
2015-04-22,0,20.199999999999999,7.4000000000000004
2015-01-22,0,13.6,4.9000000000000004
2015-04-27,165,21.300000000000001,14.5
2015-01-25,0,15.1,2.2000000000000002
2015-05-09,2,22.600000000000001,10.800000000000001
2015-01-29,139,14.4,1.2
2015-05-10,0,22.899999999999999,10.9
2015-02-06,70,10.199999999999999,3.1000000000000001
2015-06-06,0,26.600000000000001,16.100000000000001
2015-02-08,0,12.6,2.7000000000000002
2015-06-08,0,26.800000000000001,17.399999999999999
2015-02-18,2,15.5,3.8999999999999999
2015-07-02,0,34.799999999999997,20
2015-02-22,0,15,6.5
2015-07-05,0,31.300000000000001,21.399999999999999
2015-03-17,0,14.1,7.2000000000000002
2015-07-15,0,30.899999999999999,21.199999999999999
2015-04-20,95,20.199999999999999,10.800000000000001
2015-07-23,0,30.800000000000001,21.300000000000001
2015-01-04,0,17.800000000000001,10
2015-04-28,4,17.699999999999999,13
2015-09-15,0,28,16.800000000000001
2015-01-23,0,16.199999999999999,3.2999999999999998
2015-05-05,0,30.100000000000001,16.699999999999999
2015-10-06,0,26.399999999999999,20.100000000000001
2015-03-19,0,18.399999999999999,6.5
2015-05-19,2,23.5,10.9
2015-11-01,0,21.699999999999999,8.9000000000000004
2015-04-11,0,17.800000000000001,6.2999999999999998
2015-06-19,0,27,16.5
2015-11-05,2,20.899999999999999,13
2015-05-16,0,22.5,10.699999999999999
2015-07-06,0,30.699999999999999,19.600000000000001
2015-11-13,0,19.800000000000001,14.800000000000001
2015-05-21,0,19.199999999999999,9.1999999999999993
2015-07-16,0,32.100000000000001,20.5
2015-11-17,0,20.399999999999999,9.1999999999999993
2015-05-31,0,23.300000000000001,12
2015-09-17,0,29.899999999999999,21.300000000000001
2015-11-19,0,20.600000000000001,10.1
2015-06-01,0,25.800000000000001,12.5
2015-09-23,2,22.199999999999999,15.199999999999999
2015-11-20,0,21,9.0999999999999996
2015-06-02,0,25.199999999999999,11.4
2015-09-26,0,25.699999999999999,13.699999999999999
2015-12-13,0,16.800000000000001,5.0999999999999996
2015-06-05,0,26.600000000000001,16.5
2015-10-10,80,22.300000000000001,15.5
2015-12-16,0,17.5,7.4000000000000004
2015-06-12,0,33,18.199999999999999
2015-10-14,109,20,16.600000000000001
2015-12-22,2,17.399999999999999,8.4000000000000004
2015-06-15,6,25.800000000000001,18.100000000000001
2015-10-25,0,20.199999999999999,10.800000000000001
2015-12-29,0,16.199999999999999,3.3999999999999999
2015-06-26,0,26.600000000000001,14.699999999999999
2015-10-28,165,23.199999999999999,17.300000000000001
2015-07-13,0,29.100000000000001,19.199999999999999
2015-11-07,2,21,10.199999999999999
2015-07-27,0,30,19.100000000000001
2015-11-29,0,16.100000000000001,4.5999999999999996
2015-08-11,0,30.899999999999999,17.699999999999999
2015-12-12,0,17.800000000000001,4.5
2015-08-15,0,27.5,19.100000000000001
2015-12-14,0,16.800000000000001,4.2000000000000002
2015-08-28,0,29.100000000000001,17.399999999999999
2015-09-14,0,28.300000000000001,22.399999999999999
2015-10-07,0,24.300000000000001,18.600000000000001
2015-10-26,0,21.899999999999999,12.1
2015-12-04,0,16.199999999999999,8.6999999999999993
2015-12-24,0,17.399999999999999,6.0999999999999996
2015-01-01,0,12.300000000000001,-2.8999999999999999
2015-01-02,0,14.9,0.80000000000000004
2015-01-27,0,14.5,-0.10000000000000001
2015-02-02,10,12.5,2.3999999999999999
2015-02-04,67,12.300000000000001,7.0999999999999996
2015-02-13,0,15.300000000000001,4.0999999999999996
2015-02-19,0,15.5,3.3999999999999999
2015-02-23,26,13.699999999999999,3.3999999999999999
2015-03-11,0,15.699999999999999,3.3999999999999999
2015-04-15,0,20.100000000000001,7.2000000000000002
2015-04-16,14,24.199999999999999,7
2015-04-26,0,24.199999999999999,13.199999999999999
2015-07-03,0,32.100000000000001,20.600000000000001
2015-07-14,0,30.399999999999999,20.100000000000001
2015-08-20,0,27.300000000000001,15.4
2015-08-23,0,31.199999999999999,17.600000000000001
2015-08-29,0,30.399999999999999,18
2015-09-10,0,27,14.199999999999999
2015-09-20,0,26.800000000000001,14.1
2015-10-16,0,18.800000000000001,10.300000000000001
2015-10-27,43,21.300000000000001,15.199999999999999
2015-12-27,0,16.699999999999999,5.5999999999999996
2015-12-31,2,16.399999999999999,7.2000000000000002
2015-01-11,0,17.399999999999999,7
2015-01-13,0,14.4,0.59999999999999998
2015-02-16,46,11.300000000000001,7.7000000000000002
2015-02-21,30,14,4.4000000000000004
2015-03-24,0,19.100000000000001,5.7000000000000002
2015-03-29,0,17.399999999999999,5
2015-04-03,0,17.5,6
2015-04-08,0,17.199999999999999,3.1000000000000001
2015-04-10,0,17.899999999999999,4.2000000000000002
2015-04-14,0,19.100000000000001,6.2000000000000002
2015-05-04,0,28.300000000000001,12.800000000000001
2015-05-18,0,23.600000000000001,13.6
2015-07-19,0,35.700000000000003,21.399999999999999
2015-07-20,0,31.199999999999999,19.800000000000001
2015-07-24,0,30.699999999999999,23.300000000000001
2015-08-16,0,26.399999999999999,17.600000000000001
2015-08-17,0,27.600000000000001,17.399999999999999
2015-09-22,6,25.300000000000001,12.800000000000001
2015-10-09,16,23.699999999999999,11.9
2015-10-22,0,21,11.9
2015-12-09,4,15.800000000000001,7
2015-12-11,2,16.600000000000001,4.5
2015-12-18,0,17.600000000000001,5.5999999999999996
2015-12-19,0,18.5,9
2016-03-12,0,16.800000000000001,3.7000000000000002
2016-03-26,0,17.399999999999999,6.7000000000000002
2016-03-29,0,18.199999999999999,7.7999999999999998
2016-04-14,0,21.5,8.6999999999999993
2016-04-15,0,20.399999999999999,7
2016-04-19,0,20.600000000000001,6.2000000000000002
2016-04-21,12,21.899999999999999,8.0999999999999996
2016-05-21,0,21.800000000000001,10.5
2016-05-23,0,18.600000000000001,14
2016-06-02,18,20.600000000000001,14.4
2016-06-22,0,28,15.300000000000001
2016-07-01,0,28.5,18
2016-07-10,0,34.399999999999999,18.399999999999999
2016-07-19,0,32,15
2016-07-23,0,33.700000000000003,24.300000000000001
2016-08-15,0,30.399999999999999,16.800000000000001
2016-08-17,0,28.399999999999999,18
2016-08-20,0,30.899999999999999,18.5
2016-08-21,0,28.5,18.699999999999999
2016-09-26,0,25.199999999999999,14.800000000000001
2016-10-03,0,25.699999999999999,15
2016-10-08,0,24,13.300000000000001
2016-10-15,2,23.699999999999999,15.1
2016-10-26,4,25.699999999999999,19
2016-12-06,0,18.899999999999999,11.9
2016-12-12,0,17.300000000000001,9.9000000000000004
2016-12-13,0,17.800000000000001,4
2016-02-17,8,14.4,7.7000000000000002
2016-02-20,0,14.699999999999999,3.7000000000000002
2016-03-23,20,18,11.199999999999999
2016-04-01,0,19.5,12.699999999999999
2016-05-11,72,21.800000000000001,16.600000000000001
2016-05-29,6,22.800000000000001,17.800000000000001
2016-06-05,0,24.100000000000001,14.300000000000001
2016-06-28,0,26.100000000000001,13.1
2016-07-11,0,30.300000000000001,20.100000000000001
2016-07-21,0,28.100000000000001,15.300000000000001
2016-07-26,0,27.800000000000001,18.800000000000001
2016-08-02,0,28.399999999999999,16.5
2016-08-06,0,31.5,16.100000000000001
2016-08-22,0,28.600000000000001,15.199999999999999
2016-09-09,0,28.5,17.600000000000001
2016-10-01,20,26.699999999999999,14.4
2016-12-19,304,13.300000000000001,3.6000000000000001
2016-12-31,0,15.1,4.2999999999999998
2016-01-01,20,16.899999999999999,10.5
2016-01-02,89,15.699999999999999,11.800000000000001
2016-01-17,0,12.9,-1.8
2016-01-03,121,15.4,11.199999999999999
2016-02-14,24,16.399999999999999,9.4000000000000004
2016-01-22,0,14.800000000000001,3.2999999999999998
2016-02-28,399,11.5,7.5
2016-01-23,0,12,3.8999999999999999
2016-03-09,0,14.4,2.8999999999999999
2016-01-29,0,15.9,7.2999999999999998
2016-03-19,2,16.300000000000001,4.7000000000000002
2016-02-16,18,16.399999999999999,7.7000000000000002
2016-05-12,0,20.199999999999999,14.4
2016-03-07,10,13.300000000000001,3.5
2016-06-08,0,24.600000000000001,14.9
2016-03-27,34,18,6.2999999999999998
2016-06-10,0,25.899999999999999,16.600000000000001
2016-04-22,0,20.100000000000001,13.5
2016-07-03,0,26.699999999999999,17.899999999999999
2016-05-02,0,19.699999999999999,6.5999999999999996
2016-09-28,0,25.5,12.9
2016-05-03,0,19.899999999999999,7.5
2016-11-02,2,21.300000000000001,10.800000000000001
2016-05-06,0,24.899999999999999,8
2016-11-14,14,18.899999999999999,8.6999999999999993
2016-05-13,170,20.600000000000001,14.300000000000001
2016-11-24,302,20.699999999999999,15.4
2016-05-19,14,19.800000000000001,10.6
2016-12-11,18,18.399999999999999,12.199999999999999
2016-06-09,0,24.800000000000001,16.399999999999999
2016-08-11,0,28.699999999999999,15.800000000000001
2016-09-03,0,29,17.199999999999999
2016-09-24,0,26.300000000000001,14.800000000000001
2016-09-30,0,25.399999999999999,12
2016-10-10,51,21.899999999999999,11
2016-10-23,0,26.100000000000001,14.5
2016-10-27,0,24.300000000000001,14.300000000000001
2016-10-31,0,22.199999999999999,8.9000000000000004
2016-11-03,2,21.199999999999999,12.300000000000001
2016-11-06,34,19.699999999999999,14.300000000000001
2016-11-30,0,15.4,2.5
2016-12-22,2,18,7.9000000000000004
2016-01-08,0,18.5,8.6999999999999993
2016-01-30,0,15.9,7.7000000000000002
2016-02-04,0,15.6,1.6000000000000001
2016-02-10,52,13.199999999999999,10.5
2016-03-06,32,13,6.5
2016-04-28,2,19.5,8.8000000000000007
2016-05-08,0,21.699999999999999,14.800000000000001
2016-05-26,0,22.399999999999999,12.199999999999999
2016-06-11,2,25.300000000000001,15.699999999999999
2016-06-12,0,25,16.199999999999999
2016-06-16,8,26.600000000000001,17.699999999999999
2016-07-05,0,30.5,18.300000000000001
2016-07-12,0,31,20.300000000000001
2016-08-23,0,28.5,16.100000000000001
2016-10-13,2,27.699999999999999,9.5
2016-11-05,179,21.800000000000001,13.4
2016-11-17,14,20,7.5
2016-11-21,0,20.699999999999999,10.9
2016-12-10,20,16.800000000000001,5.5
2016-12-21,0,18.399999999999999,8
2016-12-23,0,18.300000000000001,5.5
2016-12-24,0,17.100000000000001,6.2999999999999998
2016-12-30,0,15.6,3.8999999999999999
2016-02-02,8,16.5,9.3000000000000007
2016-02-07,107,18.199999999999999,8.1999999999999993
2016-02-19,0,14.199999999999999,4.2999999999999998
2016-03-11,0,16.399999999999999,5
2016-03-22,30,17.199999999999999,9.1999999999999993
2016-04-18,0,23.5,12.5
2016-07-13,0,29.5,19.199999999999999
2016-07-17,0,28,13.5
2016-07-25,0,27.899999999999999,18.600000000000001
2016-08-01,0,27.800000000000001,21.699999999999999
2016-09-06,2,30.5,18.199999999999999
2016-09-16,510,26.100000000000001,17.800000000000001
2016-09-27,0,26.600000000000001,14
2016-10-30,0,21.5,8.9000000000000004
2016-12-09,0,17.199999999999999,4.0999999999999996
2016-12-18,0,16,3.6000000000000001
2016-01-19,2,12.800000000000001,4.7000000000000002
2016-01-31,6,14.699999999999999,9.0999999999999996
2016-03-08,62,12.199999999999999,6.4000000000000004
2016-03-25,0,16.300000000000001,4.2999999999999998
2016-04-04,0,22.100000000000001,11.699999999999999
2016-04-24,0,17.399999999999999,14.199999999999999
2016-04-30,32,18,7.9000000000000004
2016-05-30,0,22.800000000000001,14.699999999999999
2016-06-26,0,27,16.600000000000001
2016-06-30,0,28.800000000000001,19.5
2016-07-28,0,28.199999999999999,18.399999999999999
2016-08-26,0,28.800000000000001,16.899999999999999
2016-09-08,2,28.5,16.800000000000001
2016-09-13,0,29.699999999999999,18.199999999999999
2016-09-17,50,25.699999999999999,16.800000000000001
2016-11-16,0,19.100000000000001,6.7999999999999998
2016-11-18,225,20,11.1
2016-12-02,0,17.100000000000001,7.2000000000000002
2016-12-07,0,18.300000000000001,5.4000000000000004
2016-12-16,0,18.899999999999999,6
2016-12-17,0,17,5
2016-01-16,0,10.300000000000001,1.5
2016-01-20,40,11.5,3.5
2016-01-28,0,15.9,4.4000000000000004
2016-03-02,6,15.6,5.5
2016-03-13,0,16.5,3.5
2016-03-15,14,15.4,7.5999999999999996
2016-04-11,0,21.800000000000001,6.4000000000000004
2016-05-01,0,15.800000000000001,9.6999999999999993
2016-05-14,0,20.5,13.5
2016-05-20,0,24.600000000000001,9.0999999999999996
2016-05-25,0,22,8.9000000000000004
2016-06-07,0,24.800000000000001,14.6
2016-06-15,0,29.100000000000001,13.6
2016-06-18,12,25.399999999999999,14
2016-07-06,0,27.699999999999999,18.600000000000001
2016-08-08,0,28.199999999999999,17.199999999999999
2016-08-09,0,28.100000000000001,16.800000000000001
2016-08-13,0,28.100000000000001,16.199999999999999
2016-08-14,0,29.100000000000001,15.699999999999999
2016-08-29,16,28.699999999999999,17
2016-09-04,0,28.5,16.899999999999999
2016-10-19,0,21.600000000000001,11.9
2016-11-01,0,21.800000000000001,9.0999999999999996
2016-01-05,79,15.6,9.8000000000000007
2016-01-09,24,18.100000000000001,11.9
2016-03-14,6,16.800000000000001,4.2999999999999998
2016-03-31,0,28,10.300000000000001
2016-04-25,0,18.300000000000001,6.4000000000000004
2016-05-27,0,25.399999999999999,13.800000000000001
2016-06-03,0,20.5,13.5
2016-06-24,0,27.899999999999999,17.5
2016-06-29,0,26.600000000000001,16.899999999999999
2016-07-14,0,24.5,17.199999999999999
2016-07-29,0,28.300000000000001,17.800000000000001
2016-07-31,0,30.399999999999999,18.600000000000001
2016-08-05,0,28.5,19.899999999999999
2016-08-07,0,29.199999999999999,17.399999999999999
2016-08-12,0,27.600000000000001,16.300000000000001
2016-08-18,0,28.600000000000001,18.699999999999999
2016-08-30,0,28.100000000000001,20.899999999999999
2016-09-12,0,28.300000000000001,17.800000000000001
2016-09-14,121,30.399999999999999,18.100000000000001
2016-10-04,0,24.699999999999999,11.699999999999999
2016-10-07,0,22.600000000000001,14.699999999999999
2016-10-12,2,20.199999999999999,7.7000000000000002
2016-10-17,2,22.100000000000001,11.699999999999999
2016-11-13,0,16,6.0999999999999996
2016-11-15,0,18.5,6.0999999999999996
2016-12-25,0,16.600000000000001,5.5999999999999996
2016-01-10,0,18.300000000000001,13.199999999999999
2016-01-25,0,17,3.2000000000000002
2016-01-27,2,16.699999999999999,5.7000000000000002
2016-01-04,18,14.6,9.4000000000000004
2016-02-12,199,14.5,6.9000000000000004
2016-01-07,16,13.6,7.9000000000000004
2016-02-29,16,16.899999999999999,7.7000000000000002
2016-01-13,2,13.300000000000001,6.7999999999999998
2016-03-16,93,13.5,5.5
2016-03-03,0,14.4,10.9
2016-04-02,0,22.100000000000001,13.5
2016-03-17,4,13.199999999999999,7.4000000000000004
2016-06-19,104,24,14.6
2016-03-28,6,17.100000000000001,12.5
2016-07-02,0,28,18.399999999999999
2016-04-05,0,25.100000000000001,11.6
2016-07-09,0,29.100000000000001,17.899999999999999
2016-04-08,20,17.300000000000001,12.4
2016-07-15,0,28.199999999999999,14.800000000000001
2016-04-10,0,18.199999999999999,5.9000000000000004
2016-07-16,0,25.800000000000001,13.699999999999999
2016-04-26,0,16.699999999999999,7.4000000000000004
2016-07-30,0,29.5,17.800000000000001
2016-05-04,0,20.399999999999999,8.4000000000000004
2016-08-25,0,28.899999999999999,16.800000000000001
2016-05-05,0,22.300000000000001,8.1999999999999993
2016-08-31,0,29,19.899999999999999
2016-05-10,38,26.300000000000001,15.9
2016-10-02,2,25.300000000000001,15.699999999999999
2016-06-14,0,24.600000000000001,17.5
2016-10-06,95,23.399999999999999,15.1
2016-07-24,16,26.699999999999999,19.600000000000001
2016-10-18,105,20.899999999999999,15.4
2016-08-16,0,30.100000000000001,16.199999999999999
2016-11-27,0,17.699999999999999,6.5
2016-08-27,0,30.399999999999999,17.100000000000001
2016-11-28,0,17.300000000000001,5.9000000000000004
2016-09-05,0,30,19.899999999999999
2016-11-29,0,14.699999999999999,7.0999999999999996
2016-09-18,221,19.399999999999999,15.199999999999999
2016-12-01,0,16.100000000000001,3.6000000000000001
2016-10-24,0,26.300000000000001,16.100000000000001
2016-12-15,0,18.199999999999999,6.7999999999999998
2016-11-04,0,21.100000000000001,9.3000000000000007
2016-11-07,26,14.1,9.1999999999999993
2016-12-03,0,17.5,5.0999999999999996
2016-01-14,99,14.5,3.7999999999999998
2016-01-15,0,11.800000000000001,6.0999999999999996
2016-02-03,10,15.6,7
2016-02-11,6,14.6,4.4000000000000004
2016-02-21,0,16.600000000000001,3.7000000000000002
2016-03-21,0,17.399999999999999,9.4000000000000004
2016-04-12,0,21.399999999999999,9
2016-04-23,30,18,10.800000000000001
2016-05-28,2,22.600000000000001,13.699999999999999
2016-06-17,0,25.699999999999999,14.800000000000001
2016-06-20,0,25.699999999999999,12.800000000000001
2016-07-18,0,29,14.5
2016-08-28,0,28.199999999999999,15.800000000000001
2016-09-10,0,28.399999999999999,18.600000000000001
2016-09-20,0,24.699999999999999,14.300000000000001
2016-09-22,0,25.300000000000001,13.6
2016-09-29,0,25.199999999999999,13.6
2016-11-09,85,15.9,4.5999999999999996
2016-11-23,0,23.399999999999999,11.9
2016-12-20,60,15.1,10.6
2016-01-12,6,15,11.6
2016-01-18,10,12.300000000000001,-1.3999999999999999
2016-01-26,2,15.300000000000001,7.0999999999999996
2016-02-13,51,14.699999999999999,9.8000000000000007
2016-02-22,26,20.5,7.5
2016-02-24,2,16.899999999999999,9
2016-02-26,34,14,6.9000000000000004
2016-03-24,0,18.699999999999999,3.8999999999999999
2016-05-09,0,23.199999999999999,13.800000000000001
2016-01-06,67,13.800000000000001,7.2000000000000002
2016-05-17,0,20.699999999999999,10.1
2016-01-11,0,16.600000000000001,13.6
2016-06-21,0,25.5,14.800000000000001
2016-02-01,0,17.300000000000001,8.6999999999999993
2016-06-27,0,24.800000000000001,15.699999999999999
2016-02-06,0,16.399999999999999,5.0999999999999996
2016-07-08,0,28.199999999999999,19.100000000000001
2016-02-23,0,16,9.1999999999999993
2016-09-15,97,28.5,20
2016-03-01,2,17.100000000000001,4.2999999999999998
2016-10-09,0,22.199999999999999,12
2016-03-04,0,15.1,3.8999999999999999
2016-10-16,0,23.600000000000001,11.6
2016-03-30,0,21.300000000000001,7.2000000000000002
2016-11-08,0,15.699999999999999,5.9000000000000004
2016-05-07,0,25.699999999999999,9
2016-11-10,12,17.300000000000001,10.699999999999999
2016-05-18,0,20.600000000000001,11.800000000000001
2016-11-25,2,18.199999999999999,10.9
2016-05-31,59,22.699999999999999,10.800000000000001
2016-12-26,0,17.300000000000001,4.7000000000000002
2016-06-06,0,24.300000000000001,12
2016-12-28,0,18,4
2016-06-25,0,28.199999999999999,17
2016-07-22,0,32.899999999999999,18.699999999999999
2016-08-03,0,28.5,18.300000000000001
2016-08-24,0,28.399999999999999,16.300000000000001
2016-09-01,0,29.399999999999999,19.800000000000001
2016-09-25,0,26.800000000000001,14.9
2016-10-05,114,24.399999999999999,11.300000000000001
2016-10-22,2,20.699999999999999,8.4000000000000004
2016-11-22,0,23.100000000000001,12
2016-12-08,0,18.800000000000001,5.7000000000000002
2016-12-14,0,18.300000000000001,5.5
2016-12-27,0,17.800000000000001,7.7999999999999998
2016-01-24,0,15.6,4.2999999999999998
2016-02-05,0,16.300000000000001,2.7999999999999998
2016-02-08,2,15.300000000000001,9.6999999999999993
2016-02-15,123,12.5,4.5999999999999996
2016-02-27,131,16.899999999999999,7.9000000000000004
2016-03-10,0,16.399999999999999,3.3999999999999999
2016-04-03,0,21.5,10.9
2016-04-16,0,23.100000000000001,9.5
2016-05-24,0,20.300000000000001,12.5
2016-06-01,108,17.199999999999999,13
2016-06-04,2,23.899999999999999,13.300000000000001
2016-06-13,6,24.899999999999999,14.800000000000001
2016-06-23,0,28.100000000000001,16.600000000000001
2016-07-20,0,31.899999999999999,15.4
2016-07-27,0,27.899999999999999,19.600000000000001
2016-08-10,0,26,18.300000000000001
2016-09-02,0,28.699999999999999,18.300000000000001
2016-09-07,0,29.399999999999999,15.1
2016-09-11,0,29,17.699999999999999
2016-09-19,0,25,13.300000000000001
2016-09-21,22,25.899999999999999,15.800000000000001
2016-10-11,4,17.199999999999999,12.300000000000001
2016-10-20,0,19.800000000000001,13.199999999999999
2016-10-29,2,22.399999999999999,10.1
2016-11-11,2,18,14.699999999999999
2016-11-12,0,17.699999999999999,6
2016-11-19,132,19,13.4
2016-11-20,0,20.5,9
2016-12-29,0,17.100000000000001,3.2999999999999998
2016-01-21,2,14.6,4.2999999999999998
2016-02-09,54,16.600000000000001,6.0999999999999996
2016-02-18,4,14.5,2.6000000000000001
2016-02-25,85,16.600000000000001,7.5
2016-03-05,45,17.300000000000001,8.6999999999999993
2016-03-18,0,16.800000000000001,7.5
2016-03-20,0,17,5.7000000000000002
2016-04-06,0,22.100000000000001,10
2016-04-07,0,19.899999999999999,9.5
2016-04-09,30,15.699999999999999,7.7000000000000002
2016-04-13,0,20.800000000000001,11.300000000000001
2016-04-17,0,20.899999999999999,10.800000000000001
2016-04-20,0,20.5,6.2000000000000002
2016-04-27,0,18.699999999999999,9.8000000000000007
2016-04-29,0,19.300000000000001,8.1999999999999993
2016-05-15,0,21,11.699999999999999
2016-05-16,0,20.5,9.8000000000000007
2016-05-22,0,25,10.9
2016-07-04,0,28.800000000000001,15
2016-07-07,0,28,19.300000000000001
2016-08-04,0,29,17.399999999999999
2016-08-19,0,28.399999999999999,19.399999999999999
2016-09-23,0,25.600000000000001,14.699999999999999
2016-10-14,326,28.600000000000001,15.800000000000001
2016-10-21,0,20.199999999999999,9.5
2016-10-25,0,28.5,17.300000000000001
2016-10-28,0,22.100000000000001,9.6999999999999993
2016-11-26,0,18.800000000000001,6.9000000000000004
2016-12-04,0,18.300000000000001,5.4000000000000004
2016-12-05,0,21.899999999999999,8.8000000000000007
2017-01-05,0,15.6,3.1000000000000001
2017-01-11,24,9.9000000000000004,5.2000000000000002
2017-01-20,0,13.800000000000001,0.90000000000000002
2017-01-22,56,16.399999999999999,8.0999999999999996
2017-02-02,44,18.100000000000001,7.5
2017-03-06,73,17.199999999999999,9.1999999999999993
2017-05-11,0,23.5,11.5
2017-05-29,0,29,13.800000000000001
2017-06-06,0,27.100000000000001,19
2017-06-15,0,30,17.300000000000001
2017-06-19,0,28.5,18.100000000000001
2017-10-02,0,24.300000000000001,14.300000000000001
2017-11-19,0,16.5,6.9000000000000004
2017-12-17,0,14.4,0.80000000000000004
2017-01-09,6,14.1,1.3999999999999999
2017-01-15,0,8.5999999999999996,1.8999999999999999
2017-01-18,0,10,4.5999999999999996
2017-02-01,0,15.9,4.5
2017-02-15,0,17.300000000000001,7.2000000000000002
2017-02-26,0,15.9,5.4000000000000004
2017-03-04,124,17.399999999999999,6.2999999999999998
2017-03-05,16,15.1,6.7000000000000002
2017-03-17,0,17.399999999999999,3.7000000000000002
2017-03-27,0,17.399999999999999,5.2999999999999998
2017-04-10,0,21.699999999999999,8.6999999999999993
2017-05-07,0,20.800000000000001,10.800000000000001
2017-05-31,0,26.5,13.9
2017-06-16,0,28.199999999999999,18.800000000000001
2017-06-22,0,29.5,17.5
2017-07-22,0,30.399999999999999,21.699999999999999
2017-07-29,0,29,18.100000000000001
2017-07-31,0,33.399999999999999,19.5
2017-08-01,0,38,21.399999999999999
2017-08-03,0,35,22.899999999999999
2017-08-07,0,30,18.600000000000001
2017-08-15,0,30.699999999999999,17.100000000000001
2017-08-31,0,32,21.399999999999999
2017-09-02,0,24.100000000000001,14.6
2017-09-12,0,23.5,16.699999999999999
2017-11-07,14,16.899999999999999,5.0999999999999996
2017-11-16,0,17.800000000000001,7.4000000000000004
2017-11-27,0,15.6,1.8
2017-12-22,0,14.199999999999999,0.90000000000000002
2017-12-31,16,18.699999999999999,6.4000000000000004
2017-01-27,0,17.5,2.8999999999999999
2017-02-03,0,16.899999999999999,7.5
2017-03-19,0,16.600000000000001,9.1999999999999993
2017-03-24,0,25.300000000000001,12.1
2017-04-19,0,18.800000000000001,8.5
2017-04-27,58,18.899999999999999,12.300000000000001
2017-04-30,0,20.5,6.5999999999999996
2017-05-03,6,20.300000000000001,9.1999999999999993
2017-05-14,0,21.800000000000001,10.800000000000001
2017-06-14,0,29,18
2017-06-24,0,29.199999999999999,20.300000000000001
2017-06-29,0,27.5,18.399999999999999
2017-07-01,0,25.100000000000001,16
2017-07-18,0,31.199999999999999,17.399999999999999
2017-07-20,0,30.300000000000001,18.399999999999999
2017-07-23,0,29.899999999999999,19.699999999999999
2017-07-30,0,31,18.100000000000001
2017-08-12,0,25.899999999999999,16.199999999999999
2017-08-29,0,30,17.300000000000001
2017-09-26,2,23.100000000000001,17.100000000000001
2017-10-01,38,21,15.199999999999999
2017-10-14,0,24.100000000000001,11.9
2017-10-25,0,23.100000000000001,7.4000000000000004
2017-10-27,0,23.100000000000001,10.6
2017-11-05,158,18.300000000000001,13.699999999999999
2017-11-13,142,12.6,4.0999999999999996
2017-12-03,0,12.300000000000001,6.0999999999999996
2017-12-04,0,14.199999999999999,1.3999999999999999
2017-12-16,0,12.6,7.7000000000000002
2017-01-24,2,14.699999999999999,5.2999999999999998
2017-02-08,245,10.300000000000001,7.0999999999999996
2017-02-21,0,16.100000000000001,3.6000000000000001
2017-03-18,0,17.899999999999999,4.2999999999999998
2017-04-17,0,19.899999999999999,9.0999999999999996
2017-06-10,0,25.199999999999999,15.199999999999999
2017-06-18,0,32.700000000000003,19
2017-06-25,0,29.399999999999999,20
2017-07-28,0,28.800000000000001,17.899999999999999
2017-09-17,0,23.199999999999999,12.1
2017-09-23,0,26.100000000000001,12.4
2017-10-13,0,23,14
2017-11-02,0,21.300000000000001,8.8000000000000007
2017-11-11,0,18.300000000000001,6.7000000000000002
2017-11-22,0,17.800000000000001,6
2017-11-28,32,14.6,2.7000000000000002
2017-11-30,0,12,3
2017-12-01,92,12.1,1.8
2017-02-04,10,15.4,11.300000000000001
2017-02-23,0,16.5,8.3000000000000007
2017-03-08,0,18.199999999999999,2.6000000000000001
2017-03-13,0,17.300000000000001,6.9000000000000004
2017-04-01,85,20.800000000000001,7.7999999999999998
2017-05-25,0,23.199999999999999,14.5
2017-06-07,0,23.399999999999999,14.199999999999999
2017-06-21,0,29.199999999999999,16.5
2017-07-17,0,28.899999999999999,17.199999999999999
2017-09-10,8,22.600000000000001,17.100000000000001
2017-09-24,0,24.100000000000001,13.699999999999999
2017-10-15,2,23.600000000000001,10.699999999999999
2017-10-16,0,22.899999999999999,10.300000000000001
2017-10-23,0,20.899999999999999,10.300000000000001
2017-11-01,0,21.399999999999999,10.800000000000001
2017-11-04,51,22.800000000000001,9.3000000000000007
2017-12-09,0,11.199999999999999,7.7000000000000002
2017-12-21,0,13.1,-0.90000000000000002
2017-01-01,0,16.399999999999999,4.7000000000000002
2017-01-02,113,16.800000000000001,6.5
2017-01-07,0,10.6,-2.6000000000000001
2017-02-12,0,19.5,6.7000000000000002
2017-03-03,0,17.800000000000001,5.4000000000000004
2017-03-09,2,17.199999999999999,4.5
2017-03-14,0,17.5,6.2999999999999998
2017-03-15,0,17.699999999999999,5.2000000000000002
2017-03-30,0,17.899999999999999,5.5
2017-04-09,0,21.699999999999999,6.9000000000000004
2017-04-11,0,19.800000000000001,5.9000000000000004
2017-04-29,0,19.300000000000001,4.4000000000000004
2017-06-03,0,28.399999999999999,15.5
2017-06-30,98,23.600000000000001,17
2017-07-06,0,31.199999999999999,18.100000000000001
2017-09-28,0,24.199999999999999,12.9
2017-10-12,0,23,11.5
2017-11-10,4,17.5,9.1999999999999993
2017-11-18,0,17.800000000000001,7.4000000000000004
2017-12-11,79,19.300000000000001,15.1
2017-12-13,22,14.300000000000001,5.4000000000000004
2017-12-23,0,15.300000000000001,2.1000000000000001
2017-12-24,0,14.699999999999999,2.3999999999999999
2017-01-03,0,15,7.7000000000000002
2017-01-21,169,15.199999999999999,2
2017-01-29,0,15.5,6.7000000000000002
2017-01-30,8,15.199999999999999,5.7000000000000002
2017-04-21,0,18.199999999999999,3.7999999999999998
2017-05-05,0,21.199999999999999,10.6
2017-05-12,40,19.600000000000001,12.699999999999999
2017-05-26,0,25.300000000000001,14.300000000000001
2017-05-30,0,26,14.1
2017-06-02,0,28.399999999999999,15.6
2017-06-04,0,26.300000000000001,15.4
2017-07-09,0,33.399999999999999,20
2017-07-19,0,31.399999999999999,16.399999999999999
2017-07-27,0,27.5,15.300000000000001
2017-09-22,0,24.399999999999999,11.199999999999999
2017-10-05,0,24.300000000000001,14.199999999999999
2017-10-06,0,24.300000000000001,14.4
2017-10-08,0,22.600000000000001,11
2017-10-21,34,24.100000000000001,13.300000000000001
2017-10-29,0,19.100000000000001,11.300000000000001
2017-11-09,10,14.699999999999999,7.5999999999999996
2017-12-08,103,15,8.1999999999999993
2017-12-30,26,13.5,7.0999999999999996
2017-01-13,36,14.199999999999999,8.8000000000000007
2017-01-19,0,13,0.5
2017-02-24,6,19.100000000000001,9.4000000000000004
2017-03-11,0,18.600000000000001,5.7000000000000002
2017-03-29,0,17.5,4.2999999999999998
2017-04-07,0,18.600000000000001,6.5999999999999996
2017-04-08,0,19.5,8.5999999999999996
2017-04-23,0,19.100000000000001,3.8999999999999999
2017-04-25,0,21.699999999999999,6.7999999999999998
2017-05-16,0,22.300000000000001,10.6
2017-06-01,0,25.800000000000001,14.300000000000001
2017-06-09,0,28.399999999999999,14.199999999999999
2017-07-03,0,26.899999999999999,16.600000000000001
2017-07-04,0,28.699999999999999,16.199999999999999
2017-07-05,0,31.199999999999999,17.100000000000001
2017-07-16,0,30.800000000000001,18.100000000000001
2017-08-11,0,25.399999999999999,16.199999999999999
2017-08-13,0,28.100000000000001,14.699999999999999
2017-08-22,0,28.699999999999999,17.899999999999999
2017-08-30,0,31.699999999999999,17.899999999999999
2017-09-14,0,25.899999999999999,15
2017-09-15,0,25,15.5
2017-09-29,0,24,12.699999999999999
2017-10-03,0,23.899999999999999,13.300000000000001
2017-10-07,0,24.199999999999999,12
2017-10-28,0,22.600000000000001,11
2017-11-03,0,22.100000000000001,11.800000000000001
2017-11-26,0,15.699999999999999,5.0999999999999996
2017-12-10,165,16.199999999999999,1.6000000000000001
2017-01-04,0,15.1,3.5
2017-01-25,2,13.1,5.7999999999999998
2017-02-05,38,14.9,10
2017-02-14,0,16.699999999999999,8.5
2017-04-18,16,19.699999999999999,10
2017-04-24,0,20.5,6.7999999999999998
2017-05-01,20,17.899999999999999,8.1999999999999993
2017-05-04,4,20.5,9.6999999999999993
2017-06-05,10,26.199999999999999,15.1
2017-06-08,0,25.399999999999999,12.1
2017-06-17,0,29.300000000000001,17.199999999999999
2017-06-26,0,34.100000000000001,17.899999999999999
2017-07-14,0,28.800000000000001,18.100000000000001
2017-07-26,0,27.300000000000001,17.399999999999999
2017-08-04,0,33.799999999999997,22
2017-08-16,0,31.5,18.100000000000001
2017-08-20,0,27.600000000000001,15.199999999999999
2017-08-25,0,29.699999999999999,17.100000000000001
2017-09-01,0,28.899999999999999,20.800000000000001
2017-09-05,0,26.899999999999999,13.800000000000001
2017-09-25,36,24.100000000000001,13.5
2017-10-10,0,23.5,12.300000000000001
2017-11-06,65,15,8
2017-12-05,0,15.199999999999999,2.2000000000000002
2017-12-12,93,13.1,10.4
2017-01-12,32,15.199999999999999,4.5999999999999996
2017-02-06,0,14.199999999999999,7.9000000000000004
2017-02-19,0,15.5,3.2999999999999998
2017-03-02,0,16.199999999999999,7.2000000000000002
2017-03-23,0,19.199999999999999,7.9000000000000004
2017-04-03,0,18.300000000000001,9.5
2017-04-05,0,20,7.7999999999999998
2017-05-08,0,20.600000000000001,8.0999999999999996
2017-05-10,0,22.199999999999999,11.699999999999999
2017-05-18,0,24.800000000000001,12.4
2017-05-27,0,25.899999999999999,14.6
2017-06-12,0,27.399999999999999,16.5
2017-07-07,0,31.199999999999999,18
2017-07-15,0,29,18.899999999999999
2017-07-21,0,31.699999999999999,19.899999999999999
2017-07-24,0,28.800000000000001,23
2017-08-08,0,31.100000000000001,18.199999999999999
2017-09-20,0,22.199999999999999,9.5999999999999996
2017-09-21,0,23.199999999999999,10.699999999999999
2017-09-27,0,23.800000000000001,13
2017-11-20,0,18.800000000000001,5.2999999999999998
2017-11-23,0,18.600000000000001,5.5999999999999996
2017-12-07,2,16.100000000000001,4.0999999999999996
2017-12-26,154,13.300000000000001,8.6999999999999993
2017-12-27,181,13.4,8.5
2017-01-28,2,15,10.800000000000001
2017-02-11,0,15.300000000000001,4
2017-02-22,0,17.100000000000001,6.5999999999999996
2017-03-16,0,17.5,4.5999999999999996
2017-04-06,0,17.899999999999999,7.5999999999999996
2017-04-13,0,19.800000000000001,9.9000000000000004
2017-04-14,0,20.199999999999999,9.4000000000000004
2017-05-02,0,20.300000000000001,7
2017-05-15,0,22,10.300000000000001
2017-05-19,0,25.899999999999999,14.800000000000001
2017-05-21,0,22.199999999999999,9.3000000000000007
2017-06-13,0,28.399999999999999,17
2017-06-28,203,32.899999999999999,22.300000000000001
2017-08-06,0,34.600000000000001,19.300000000000001
2017-08-14,0,30.399999999999999,15.1
2017-08-19,0,29,18.800000000000001
2017-08-24,0,29.5,16.5
2017-09-04,0,27.300000000000001,14.6
2017-09-19,4,20.800000000000001,12.800000000000001
2017-10-17,2,22.899999999999999,10.1
2017-10-22,0,22.399999999999999,16.199999999999999
2017-10-31,0,22,10.5
2017-11-15,4,18.399999999999999,8.5999999999999996
2017-11-21,0,18.199999999999999,9.9000000000000004
2017-12-15,214,12.1,10.5
2017-01-08,0,14.300000000000001,4.7000000000000002
2017-01-31,2,15.5,9.3000000000000007
2017-02-09,2,13.5,7.9000000000000004
2017-02-10,0,15.300000000000001,4.5999999999999996
2017-02-28,10,17.100000000000001,7.2999999999999998
2017-03-01,2,15.6,7.2999999999999998
2017-04-15,0,20.300000000000001,9
2017-04-22,0,18.100000000000001,4.2000000000000002
2017-05-09,0,19.699999999999999,9
2017-05-13,0,21.600000000000001,10.800000000000001
2017-05-20,0,21.100000000000001,10
2017-05-22,0,24.300000000000001,10.6
2017-06-27,0,30,22.300000000000001
2017-07-10,0,31.199999999999999,19.600000000000001
2017-07-25,0,27,18.600000000000001
2017-08-21,0,28.300000000000001,16.100000000000001
2017-08-28,0,33.700000000000003,18.100000000000001
2017-09-03,0,24.300000000000001,14.6
2017-09-06,0,27.399999999999999,16.300000000000001
2017-09-07,0,25.899999999999999,16.5
2017-09-11,4,24.399999999999999,17
2017-09-30,6,23.699999999999999,13.300000000000001
2017-10-04,0,24.800000000000001,13.699999999999999
2017-10-11,0,23,12.199999999999999
2017-11-08,8,16.300000000000001,8.9000000000000004
2017-11-17,0,17.800000000000001,6.2999999999999998
2017-12-29,8,13.5,0.29999999999999999
2017-01-10,4,13.699999999999999,3.7999999999999998
2017-02-17,8,16.399999999999999,4.7999999999999998
2017-02-25,0,15.800000000000001,5.7999999999999998
2017-02-27,2,16.300000000000001,3.3999999999999999
2017-03-12,0,16.800000000000001,4.2000000000000002
2017-03-26,0,17.5,4.4000000000000004
2017-04-02,4,17.100000000000001,7.7000000000000002
2017-04-12,0,19.899999999999999,11.6
2017-05-17,0,23.800000000000001,12.9
2017-05-24,0,23.399999999999999,11
2017-06-11,0,29.199999999999999,14.6
2017-06-20,0,30.699999999999999,16.899999999999999
2017-07-11,0,32.5,19.399999999999999
2017-07-12,0,30.600000000000001,19.100000000000001
2017-08-17,0,29.5,19.899999999999999
2017-09-09,160,27.5,17
2017-09-16,2,23.100000000000001,14.9
2017-10-18,0,23.300000000000001,9.8000000000000007
2017-01-06,0,10.1,-1.8
2017-01-14,22,11.5,2.2000000000000002
2017-01-26,0,14.699999999999999,6.2000000000000002
2017-02-18,6,16.300000000000001,9.1999999999999993
2017-03-07,0,15.6,10.9
2017-03-20,0,17.399999999999999,7.9000000000000004
2017-03-21,0,18.399999999999999,12.199999999999999
2017-03-22,0,17.600000000000001,10.199999999999999
2017-03-31,0,18.5,5.5
2017-04-04,0,19.100000000000001,8.3000000000000007
2017-04-20,0,17.699999999999999,4.7999999999999998
2017-04-28,0,16.600000000000001,10.1
2017-05-06,6,23.399999999999999,12.9
2017-05-23,0,23.399999999999999,10.9
2017-05-28,0,25.699999999999999,14.4
2017-08-02,0,37.799999999999997,22.899999999999999
2017-08-05,0,30.699999999999999,21.100000000000001
2017-09-08,0,25.899999999999999,15
2017-09-13,0,24.199999999999999,12.800000000000001
2017-10-30,0,21.300000000000001,9.6999999999999993
2017-11-12,53,19.600000000000001,8.9000000000000004
2017-11-14,0,15.300000000000001,3.7000000000000002
2017-12-06,0,14.9,4.5999999999999996
2017-12-18,0,13.199999999999999,0
2017-02-16,0,15.9,4.7000000000000002
2017-03-10,0,17.800000000000001,6
2017-03-25,111,22.100000000000001,11
2017-04-26,0,22.100000000000001,11.5
2017-08-18,0,29.600000000000001,18.100000000000001
2017-08-23,0,28.699999999999999,17.5
2017-08-26,0,29.699999999999999,17.300000000000001
2017-09-18,238,24.5,12.199999999999999
2017-10-09,0,23,12
2017-10-24,0,22.100000000000001,6.4000000000000004
2017-10-26,0,21.800000000000001,8.5999999999999996
2017-11-25,0,19.100000000000001,10.6
2017-12-02,46,9.0999999999999996,6
2017-12-20,0,12.800000000000001,3
2017-01-16,0,10.5,-1.3999999999999999
2017-01-17,0,11.1,-0.69999999999999996
2017-01-23,0,14.800000000000001,7.7000000000000002
2017-02-07,0,15.699999999999999,4.4000000000000004
2017-02-13,0,17.100000000000001,7.5
2017-02-20,0,16.300000000000001,4.5999999999999996
2017-03-28,0,17.600000000000001,5.2999999999999998
2017-04-16,0,20.600000000000001,10
2017-06-23,0,29.100000000000001,18.600000000000001
2017-07-02,0,27.199999999999999,16
2017-07-08,0,31.100000000000001,18.699999999999999
2017-07-13,0,28.399999999999999,19.899999999999999
2017-08-09,0,32.399999999999999,19.899999999999999
2017-08-10,4,30.100000000000001,19.800000000000001
2017-08-27,0,29.5,16.899999999999999
2017-10-19,0,25.5,9.9000000000000004
2017-10-20,0,26.300000000000001,10.9
2017-11-24,0,17.399999999999999,6.2000000000000002
2017-11-29,0,12.4,9.4000000000000004
2017-12-14,141,14.800000000000001,7.5999999999999996
2017-12-19,0,14,4
2017-12-25,2,14.699999999999999,7.7000000000000002
2017-12-28,16,10.699999999999999,7.0999999999999996
2018-01-21,145
2018-02-08,3,12
2018-02-21,8,12.4
2018-03-03,94,,6.2000000000000002
2018-03-04,43,12.9,6.5
2018-03-09,0,16.300000000000001
2018-03-14,0,16.199999999999999,6
2018-04-03,0,21.899999999999999
2018-04-17,0,18.399999999999999
2018-04-30,18
2018-05-05,43,22.600000000000001,12.4
2018-05-15,305,18.5
2018-05-24,0,23.399999999999999,12.300000000000001
2018-05-30,3,24.5,17.699999999999999
2018-06-11,0
2018-06-15,3,25.600000000000001
2018-07-02,0,27.199999999999999,21
2018-07-03,0,28.300000000000001
2018-08-06,0,31.899999999999999
2018-08-12,0,,17.699999999999999
2018-09-14,0,28.300000000000001,17.699999999999999
2018-09-19,0,28.899999999999999
2018-10-19,0,,14.9
2018-11-01,89,21.800000000000001
2018-01-04,0
2018-02-10,20,13
2018-02-11,0,13.4,1.8999999999999999
2018-02-16,10,14.800000000000001,8.8000000000000007
2018-02-18,18
2018-03-30,0,19.5,7.4000000000000004
2018-06-10,0,27.199999999999999,15.800000000000001
2018-06-19,0,,16.699999999999999
2018-06-24,0,28.399999999999999,17
2018-07-19,0,32.5,19
2018-07-23,30,30.600000000000001
2018-08-09,0,31.800000000000001,21.699999999999999
2018-09-08,0,28
2018-11-04,66
2018-11-11,0,20.399999999999999,11.4
2018-11-29,0,,5.7000000000000002
2018-12-30,3,14.5,3.8999999999999999
2018-01-19,3,15.699999999999999
2018-02-01,3
2018-02-06,8,14.300000000000001
2018-02-22,10,,0.5
2018-02-23,0,13.300000000000001,4
2018-03-01,8,14.1,7.7000000000000002
2018-03-12,86
2018-03-17,363,15.5
2018-03-24,0,17.100000000000001
2018-04-20,0,20.699999999999999,10.9
2018-04-25,0,22.899999999999999,10.5
2018-05-27,0,,15.9
2018-05-31,0,23.399999999999999
2018-06-08,15,23.800000000000001
2018-06-23,0,27.199999999999999
2018-06-26,71,26.699999999999999,14.6
2018-07-16,0,,20
2018-07-24,0,29.300000000000001
2018-07-26,0,29.600000000000001
2018-07-31,0,31.699999999999999
2018-08-14,163
2018-08-26,0,26.600000000000001,16.600000000000001
2018-08-28,0,29.399999999999999,17.5
2018-08-29,0,31,17.899999999999999
2018-09-04,3,,16.899999999999999
2018-09-20,0,28,18.800000000000001
2018-10-16,20,24.399999999999999
2018-11-30,0,17.5,6.4000000000000004
2018-12-20,28
2018-12-29,0,,4.7999999999999998
2018-01-05,0,18.600000000000001
2018-01-26,0,19,5.7000000000000002
2018-01-30,0,16.199999999999999,6.0999999999999996
2018-02-07,71,13.5,4.7999999999999998
2018-02-25,155,,7.5
2018-03-26,0,16,2.8999999999999999
2018-03-27,0,16.199999999999999,3.2999999999999998
2018-04-08,0,24.100000000000001
2018-04-10,3,16.600000000000001,8.8000000000000007
2018-04-18,3,20.399999999999999,10.9
2018-05-07,5,21.600000000000001,12.699999999999999
2018-05-21,0,21.600000000000001
2018-06-02,0,26,13.6
2018-06-28,0,27
2018-08-01,0,31.300000000000001
2018-08-27,0,27.5,15.6
2018-09-05,147,28.600000000000001,16.300000000000001
2018-01-20,0,13.699999999999999,6.5999999999999996
2018-09-06,0
2018-01-31,0,14.6
2018-10-25,0
2018-02-12,0,13
2018-11-05,71,21.100000000000001
2018-02-26,23,10.300000000000001
2018-12-14,38,14.1
2018-03-19,203,14.5,6.5
2018-12-19,0,15.6,3.7999999999999998
2018-03-31,0,16.100000000000001
2018-04-15,5,21.399999999999999
2018-04-19,0,21.699999999999999,11.699999999999999
2018-04-21,0,20.300000000000001
2018-04-26,0,22,11.699999999999999
2018-05-19,0,23.399999999999999,11.9
2018-06-05,53,24.300000000000001
2018-07-09,0,29.399999999999999,17.800000000000001
2018-08-18,0,30.5
2018-08-30,0
2018-09-03,0,,15.800000000000001
2018-09-12,0,30,18
2018-10-15,0,,12.4
2018-10-22,0,22.399999999999999
2018-10-30,516,18.600000000000001
2018-11-07,203,20.199999999999999,9.5999999999999996
2018-11-08,10,21.199999999999999
2018-11-10,3,20.199999999999999,11.4
2018-12-08,0
2018-12-10,5,17.300000000000001
2018-01-13,28,13.6,5.9000000000000004
2018-02-13,0,,0.90000000000000002
2018-03-05,46,14.199999999999999,8.5
2018-03-10,0,19.5
2018-03-20,5,12.4,6.5999999999999996
2018-03-23,0,,0.69999999999999996
2018-03-25,0,15.699999999999999
2018-04-02,0,16.100000000000001,3.7000000000000002
2018-04-16,0,18.300000000000001,10.5
2018-05-02,221,16.600000000000001
2018-05-09,33,21
2018-06-13,163,23.199999999999999
2018-06-22,0,27.899999999999999
2018-07-17,0,,18.399999999999999
2018-08-19,0,30
2018-08-21,0,30.199999999999999,21
2018-08-31,0,27,16.899999999999999
2018-10-18,0,27.5
2018-10-21,3,24.300000000000001
2018-11-16,0,,11.4
2018-01-23,0,16.399999999999999,8
2018-02-09,0,14.199999999999999,2.8999999999999999
2018-03-21,33,14.6,3.6000000000000001
2018-04-09,74,18.100000000000001
2018-04-13,10,,6.7999999999999998
2018-05-01,0,17,11.5
2018-05-16,8,20.100000000000001
2018-06-04,170,23.600000000000001
2018-06-30,0,29.300000000000001,16.899999999999999
2018-07-08,0,,18.600000000000001
2018-08-07,0,32.100000000000001,22.600000000000001
2018-08-22,0,30.5
2018-09-10,0,28.5,19
2018-10-09,0,26.100000000000001
2018-11-06,0
2018-11-09,0,21.300000000000001,10
2018-11-14,0,20.5,9.9000000000000004
2018-12-15,0,13.800000000000001
2018-12-17,109,15.300000000000001
2018-01-06,0,18.100000000000001,9.1999999999999993
2018-01-09,15,16.399999999999999
2018-01-11,124,13.199999999999999
2018-01-14,13,15.300000000000001,5.9000000000000004
2018-01-25,0,16
2018-02-04,221,14.199999999999999
2018-04-12,46,17.600000000000001
2018-05-20,0,23.399999999999999
2018-06-03,0,26.300000000000001,16
2018-07-10,0,,18.800000000000001
2018-07-11,0,29.600000000000001,18
2018-07-14,0,35.700000000000003,19
2018-07-22,0,29.199999999999999,19.899999999999999
2018-07-29,0,30,18.699999999999999
2018-08-10,0,34.299999999999997
2018-09-11,0,30.100000000000001,17.600000000000001
2018-09-13,10,28.399999999999999
2018-10-01,0,24
2018-10-06,58,22.300000000000001,14.6
2018-10-07,8,24.5
2018-10-20,0,24,14.9
2018-10-24,0,,9.5
2018-11-26,71,17.199999999999999
2018-12-09,5,17.399999999999999,8.5
2018-12-21,0,16,5.5999999999999996
2018-02-05,0,15.199999999999999,6.5
2018-02-14,51,12.4
2018-02-28,0
2018-03-02,76,14.199999999999999
2018-03-07,8,14.699999999999999,10.4
2018-03-15,3,18.399999999999999,6.9000000000000004
2018-03-29,0,19.199999999999999,7.5
2018-05-06,0,21.399999999999999,12.9
2018-05-18,0,21.5,10.699999999999999
2018-05-23,33,24.100000000000001,15
2018-05-28,0,25.5
2018-06-07,0,22.5,16.899999999999999
2018-07-05,0,29.300000000000001
2018-07-12,0,30.300000000000001
2018-07-15,0,,20.600000000000001
2018-07-30,0,32.200000000000003
2018-10-08,445,26.199999999999999
2018-10-13,3,,14.9
2018-12-01,5,17.300000000000001,6.9000000000000004
2018-12-12,0,,3.8999999999999999
2018-12-31,0,15.199999999999999
2018-02-24,43,11.1
2018-03-22,0,14.199999999999999
2018-04-11,48,17.100000000000001
2018-04-14,0,22
2018-05-08,5,21.5,13.6
2018-05-12,0,24,10.6
2018-05-26,0,27.899999999999999,15.699999999999999
2018-07-01,0,30,17.800000000000001
2018-07-13,0
2018-07-20,0,29.600000000000001,18
2018-07-27,0,30.100000000000001,19.899999999999999
2018-08-20,3,30.5,20
2018-08-25,0
2018-09-29,0,26.600000000000001,13.5
2018-10-04,0,27.699999999999999,10.9
2018-10-31,8,22.399999999999999,11.9
2018-11-02,0,21.399999999999999
2018-12-04,0,19.199999999999999
2018-12-07,0
2018-12-16,0,15.1,3.7000000000000002
2018-12-18,18,15.6,3
2018-12-22,0,17.100000000000001,9.5999999999999996
2018-12-27,0,15.1
2018-01-10,56,13.300000000000001,7.4000000000000004
2018-01-12,15,14.199999999999999,3.2999999999999998
2018-01-22,0,17.300000000000001,7
2018-01-24,0,16.300000000000001
2018-02-17,0,17
2018-03-28,20,17,9.6999999999999993
2018-04-22,0,,9.1999999999999993
2018-05-10,3,21.600000000000001
2018-06-06,0,25,16.800000000000001
2018-06-09,18,,14.300000000000001
2018-06-12,5,25.600000000000001
2018-06-14,124,26.100000000000001,14.800000000000001
2018-08-15,0
2018-08-24,8,30.600000000000001,17.699999999999999
2018-09-07,0
2018-09-18,,29
2018-09-23,0,28.199999999999999,15.800000000000001
2018-09-28,0,25.399999999999999,11.800000000000001
2018-10-05,0,23.699999999999999,13.300000000000001
2018-10-17,38,23.399999999999999
2018-10-27,0,24.300000000000001,13.9
2018-12-02,0,16.100000000000001,6.5
2018-12-23,0,17.5
2018-12-24,0,17.5,7.7999999999999998
2018-01-15,0,,6
2018-01-17,0
2018-01-29,0,15.1
2018-02-15,0,12.199999999999999,0.59999999999999998
2018-03-08,3,,5.5999999999999996
2018-04-24,0
2018-04-29,0,23,11.800000000000001
2018-05-03,64
2018-05-25,0,24.100000000000001,13.6
2018-06-01,0,24.100000000000001,13.800000000000001
2018-06-18,0,26.600000000000001
2018-06-27,0,27.199999999999999,15.6
2018-08-04,13,31.399999999999999
2018-08-17,0,31
2018-09-09,0
2018-09-16,0,29.300000000000001
2018-10-12,0,,15.800000000000001
2018-12-05,0,18.300000000000001,7
2018-12-13,0,12.300000000000001,8
2018-01-01,15,,7
2018-01-16,38,,7.7999999999999998
2018-01-28,0,16.100000000000001
2018-02-20,15,14.300000000000001,5.0999999999999996
2018-02-27,28,6.2999999999999998,-1.3
2018-03-16,51,17.100000000000001
2018-05-04,36,19.100000000000001,13.6
2018-05-13,0,22.199999999999999
2018-06-21,0,28,18
2018-06-25,79,25.800000000000001
2018-07-06,0
2018-07-25,0,29,17.800000000000001
2018-08-11,0,,19.899999999999999
2018-10-03,0,25.300000000000001,10.5
2018-10-28,150,22.600000000000001
2018-11-03,23,19.399999999999999
2018-11-15,3,20.199999999999999,9.5
2018-11-23,3,22.100000000000001
2018-11-24,5
2018-11-27,84
2018-12-25,0,,5.9000000000000004
2018-12-26,0,15.300000000000001,4.7999999999999998
2018-01-02,0,14.4
2018-01-03,0,17.300000000000001,7.0999999999999996
2018-01-07,0,21.600000000000001,9.8000000000000007
2018-01-18,0,14.199999999999999,4.2000000000000002
2018-01-27,0
2018-02-19,0
2018-03-13,3
2018-03-18,119
2018-04-01,193,15.1
2018-04-05,15,18.100000000000001
2018-05-29,23,,16.699999999999999
2018-06-16,0,25.600000000000001
2018-06-17,0,25.300000000000001,17.899999999999999
2018-06-20,0,28,17.899999999999999
2018-07-04,0
2018-07-21,0,32,19.800000000000001
2018-08-02,0,32.399999999999999,21.899999999999999
2018-08-03,0,32.299999999999997
2018-08-05,3,31.600000000000001,22.5
2018-08-08,0,33.200000000000003
2018-08-13,0,32.399999999999999,19.5
2018-08-16,0,30.199999999999999,19.600000000000001
2018-09-02,0,28.399999999999999,14.6
2018-09-21,0,,18.399999999999999
2018-09-30,0,26.5,14.5
2018-11-28,3,18,5
2018-12-03,0,17.300000000000001,11.699999999999999
2018-12-11,0,16.100000000000001,4.4000000000000004
2018-12-28,0,16.300000000000001,5
2018-01-08,0,22
2018-02-03,142
2018-04-28,5,23.300000000000001
2018-05-14,140
2018-06-29,43,28.5
2018-07-07,0
2018-07-18,0,,18.699999999999999
2018-07-28,0,31.199999999999999
2018-08-23,0,30.399999999999999
2018-09-01,0
2018-09-26,0,,13.5
2018-10-02,0,24.300000000000001
2018-10-11,33,27.100000000000001
2018-10-26,0,,12.699999999999999
2018-10-29,216
2018-11-13,0,21.199999999999999,10.5
2018-02-02,56,12.5
2018-03-06,175,15.5
2018-03-11,76,16.5,13
2018-04-04,107,20.5
2018-04-06,0
2018-04-07,0
2018-04-23,0,22.100000000000001
2018-04-27,0
2018-05-11,0,21.300000000000001
2018-05-17,0,21.100000000000001
2018-05-22,353,21.800000000000001,15.6
2018-09-15,0
2018-09-22,0,,17.899999999999999
2018-09-25,0,28.199999999999999,17.699999999999999
2018-09-27,0,,12.5
2018-10-10,0,27.199999999999999,14.4
2018-10-14,0,,12.5
2018-11-12,0,23.5
2018-11-25,15
2018-12-06,0,17.699999999999999
2019-01-04,0,12.699999999999999,1
2019-01-16,0,16.100000000000001,2.6000000000000001
2019-01-24,183,11.5,1.8
2019-01-31,30,11.1
2019-02-01,84,15.1
2019-02-21,0
2019-03-11,0,16.699999999999999,8.4000000000000004
2019-03-12,0,16.100000000000001,2.1000000000000001
2019-03-27,0,,3.3999999999999999
2019-04-11,150,16.300000000000001
2019-04-15,0,17.5,4.5999999999999996
2019-06-02,0,,12.300000000000001
2019-06-04,0,,12.199999999999999
2019-06-21,0,31.300000000000001,14.9
2019-07-08,0,31.399999999999999,23
2019-07-18,0,28.399999999999999
2019-07-31,0,28.5
2019-08-06,0,32.600000000000001,19.800000000000001
2019-08-14,0,27.399999999999999,17.399999999999999
2019-08-20,0,30.300000000000001,18.600000000000001
2019-08-28,5,30.399999999999999
2019-09-10,0,31.300000000000001,15.699999999999999
2019-09-22,33,31.300000000000001,19.300000000000001
2019-10-09,0,24.399999999999999,12
2019-11-02,0
2019-11-17,97
2019-11-26,0,18.399999999999999,9.5999999999999996
2019-12-25,0,17.300000000000001,7
2019-01-10,33,,-0.40000000000000002
2019-03-05,0,17
2019-03-29,0,17.699999999999999,3.3999999999999999
2019-04-04,0,17.199999999999999
2019-04-28,0,17.5
2019-04-30,0,18.300000000000001,5.5999999999999996
2019-05-07,0,18.399999999999999,5.5999999999999996
2019-05-28,3,21
2019-05-31,0,,11.699999999999999
2019-06-01,0,,12.4
2019-06-14,0,40.100000000000001,15.9
2019-07-02,0,,20.199999999999999
2019-07-12,0,31.699999999999999,20.5
2019-07-21,0,30.199999999999999
2019-08-01,0,31.100000000000001
2019-08-02,0
2019-08-25,23,29.199999999999999,19
2019-09-01,0,29.899999999999999
2019-09-07,0,27.199999999999999
2019-09-09,0,24.800000000000001
2019-09-19,0,28.699999999999999,16.800000000000001
2019-09-30,0,26.699999999999999
2019-11-05,25,20.899999999999999
2019-11-19,10,16
2019-11-21,23
2019-12-02,0,18.899999999999999
2019-12-28,0,16.199999999999999,4.7999999999999998
2019-01-12,0,13,-1.2
2019-01-15,0,15.300000000000001,2.6000000000000001
2019-03-31,0,,2.6000000000000001
2019-04-10,236
2019-05-09,5,21.300000000000001
2019-05-22,0,20.199999999999999
2019-06-08,0,25.199999999999999,16.699999999999999
2019-06-27,0,,20.100000000000001
2019-06-29,0,32.299999999999997
2019-07-01,0,,20.800000000000001
2019-07-10,5,31.5
2019-08-04,0
2019-08-30,0,30.300000000000001
2019-09-03,0,29.800000000000001
2019-09-14,0,28.399999999999999
2019-10-02,15,25.100000000000001
2019-10-08,0,24.600000000000001
2019-10-16,18,22.600000000000001,11.9
2019-10-21,0,26.600000000000001,15.4
2019-10-27,0,24.100000000000001,12.699999999999999
2019-11-01,28,22.100000000000001,12.4
2019-11-14,0,16.5
2019-11-16,274
2019-11-18,71
2019-12-03,10,18.399999999999999
2019-01-09,0,14
2019-01-19,79,13.300000000000001,3.8999999999999999
2019-01-20,0,13.300000000000001,1.8999999999999999
2019-02-08,0,15.4
2019-02-24,0,16.300000000000001
2019-04-09,0
2019-05-05,3,15.6
2019-05-06,10,,6
2019-05-15,28,17.100000000000001
2019-05-24,0,21.5,10.6
2019-06-17,0,,13.699999999999999
2019-06-26,0,,20
2019-07-05,0,31.5
2019-07-15,0
2019-07-27,0,30.199999999999999
2019-08-03,0,28.199999999999999,18
2019-09-02,28,,19.5
2019-09-08,0,25.5,15.9
2019-10-15,0,25.5
2019-11-03,742,21.100000000000001
2019-11-27,0,18.699999999999999
2019-12-18,0,18.300000000000001,9.8000000000000007
2019-12-19,155
2019-01-01,0,,3.5
2019-01-02,0
2019-01-27,0
2019-02-05,0,15.300000000000001,1.5
2019-02-28,3,16,2.8999999999999999
2019-03-08,0,16.399999999999999
2019-04-12,140,16.5
2019-04-24,36,20.699999999999999,10.9
2019-05-25,0,22.600000000000001,11
2019-06-16,0,24.300000000000001,15.699999999999999
2019-06-19,0,28.5
2019-08-15,0,30
2019-09-06,0,27.199999999999999,17.699999999999999
2019-09-11,0,29.5,16.5
2019-10-22,0,33.100000000000001,15.6
2019-11-23,10
2019-11-30,0
2019-12-06,0
2019-12-12,66,13.1
2019-01-21,0,,4.7000000000000002
2019-01-25,5,14,-0.5
2019-01-26,0,13.300000000000001,-0.5
2019-02-10,0,16.199999999999999,9.9000000000000004
2019-02-18,0,,2.7000000000000002
2019-03-21,0,17,3
2019-04-08,15,17.199999999999999,5.5999999999999996
2019-04-21,0,25.800000000000001,12.699999999999999
2019-04-29,0,21.300000000000001
2019-05-14,0,20.300000000000001,13.5
2019-05-30,0,21.600000000000001,9.9000000000000004
2019-06-06,0,25.199999999999999
2019-06-07,0,27.5
2019-06-11,0,,16.600000000000001
2019-06-13,0,26.199999999999999,12.9
2019-06-23,0,27.100000000000001,17
2019-07-04,0,31.300000000000001,19
2019-07-19,0,28.300000000000001
2019-07-22,0,30,19
2019-01-18,43,13.199999999999999
2019-08-10,0,30.600000000000001,20.199999999999999
2019-02-02,292,14.5
2019-08-16,0,28,17.5
2019-02-19,0,16.300000000000001,4.7000000000000002
2019-08-19,0,,17.899999999999999
2019-02-23,0,,2.7000000000000002
2019-08-22,0,,19.899999999999999
2019-03-01,0,17.600000000000001,7.7999999999999998
2019-08-31,0,31.5
2019-03-22,0,21.199999999999999,5.2999999999999998
2019-09-25,0,26.300000000000001
2019-04-02,0,,6
2019-09-26,0,26,16.800000000000001
2019-04-18,0,19.600000000000001
2019-09-27,0,26.199999999999999,16
2019-04-20,0,22.199999999999999
2019-10-07,5,26.199999999999999
2019-05-12,3,22.300000000000001,9.4000000000000004
2019-10-11,0,24
2019-06-09,0,32,17.600000000000001
2019-10-14,0,27.300000000000001,13.6
2019-06-15,0
2019-11-06,119,17.899999999999999
2019-09-04,91,,18.800000000000001
2019-12-10,15,18.199999999999999
2019-09-12,0,30.399999999999999,16
2019-12-20,0
2019-11-11,18,20
2019-11-12,0,16.199999999999999
2019-12-17,0,18.100000000000001,8.5
2019-12-27,3,15.4,5.7000000000000002
2019-02-09,0,14.1,6.7000000000000002
2019-02-16,0,16.699999999999999,3.5
2019-02-27,0,16.100000000000001,3.7999999999999998
2019-03-04,0
2019-04-05,48,16.699999999999999,4.2999999999999998
2019-04-25,18,20.100000000000001,9.8000000000000007
2019-05-03,0,,8.5
2019-05-10,0,20.100000000000001,10
2019-05-23,0
2019-05-26,0,20.600000000000001
2019-05-29,0,20.899999999999999
2019-06-12,,24.899999999999999
2019-07-03,0,32.399999999999999,20.800000000000001
2019-07-06,0,30.600000000000001,18.5
2019-07-09,0,36.600000000000001,25
2019-07-14,0,,18.800000000000001
2019-07-20,0,30.5
2019-08-07,0,30.600000000000001,22
2019-08-27,0,30.699999999999999
2019-10-06,0,24.600000000000001,12.4
2019-10-18,0,23.300000000000001,12
2019-10-23,0
2019-11-20,23,16.899999999999999
2019-11-29,5,19.100000000000001
2019-12-11,0,15,2.2999999999999998
2019-12-14,130,18.600000000000001
2019-12-30,0,14.199999999999999,1.2
2019-01-29,15,,-0.10000000000000001
2019-02-14,0,15.1,3.2999999999999998
2019-02-15,0,15.300000000000001,2.7999999999999998
2019-03-07,0,18.100000000000001
2019-03-24,0,17.5,4.7000000000000002
2019-03-25,0,17.5,3.7000000000000002
2019-04-23,46,21.199999999999999
2019-05-13,0,22.5,11.5
2019-05-27,30
2019-07-30,0,28,16
2019-10-10,18,23.199999999999999
2019-10-20,0,32.5,12.800000000000001
2019-12-21,485,17
2019-12-31,0,13.1,2.6000000000000001
2019-01-23,8,9
2019-02-04,20,16,3.3999999999999999
2019-02-06,0,14.5,1.3
2019-02-07,0,15.199999999999999
2019-02-13,0,15
2019-02-20,0,16.5,2.8999999999999999
2019-02-25,0,,3.2000000000000002
2019-03-09,0,17.399999999999999
2019-03-15,5,17
2019-03-23,0,,5.5999999999999996
2019-04-16,0
2019-06-03,0,25.100000000000001,13
2019-06-05,0,28.199999999999999,13.800000000000001
2019-06-22,0
2019-06-30,0,31.800000000000001,22.899999999999999
2019-07-07,0,,19.600000000000001
2019-07-11,15
2019-07-25,0,33.200000000000003,21
2019-08-12,0,33.399999999999999,20.399999999999999
2019-08-21,0,29.100000000000001,18
2019-08-23,0,29.800000000000001
2019-08-24,0,29.899999999999999
2019-10-24,61,27.600000000000001
2019-11-04,282,22.100000000000001
2019-12-24,0,16.100000000000001
2019-02-22,0
2019-05-01,0
2019-06-10,3,33.100000000000001
2019-08-29,15,,20
2019-09-16,0
2019-09-29,0,26.600000000000001,14.4
2019-10-04,0,24.199999999999999,13.4
2019-10-12,0,23.5,11.1
2019-10-17,0,23.600000000000001,12.6
2019-11-07,28
2019-12-09,18
2019-01-06,0,,3.8999999999999999
2019-02-11,0
2019-03-18,0,15.199999999999999,5.7999999999999998
2019-03-30,0,,3.7999999999999998
2019-04-07,150
2019-04-14,0
2019-05-02,0,19.199999999999999,7.7000000000000002
2019-05-20,3,17.600000000000001,8.8000000000000007
2019-06-20,0,28.300000000000001,14.5
2019-07-24,0,32.200000000000003
2019-08-11,0,31.5,19.5
2019-08-13,0,30.300000000000001
2019-09-15,0,29.199999999999999
2019-09-20,0,28
2019-10-01,0,26.399999999999999
2019-10-13,0,25.600000000000001,12
2019-10-25,132
2019-10-29,0,23.199999999999999
2019-12-13,145,16.699999999999999
2019-12-15,0,17.5,8.3000000000000007
2019-12-26,0,,5.7000000000000002
2019-01-11,0,13,-1.2
2019-01-17,0,13.300000000000001,5.7999999999999998
2019-01-28,3,12.300000000000001
2019-02-17,3,15.199999999999999,2.6000000000000001
2019-03-02,0,16.199999999999999,4.4000000000000004
2019-03-19,0,16
2019-04-01,0,18,4.9000000000000004
2019-04-13,51
2019-05-11,3,20.399999999999999,12.6
2019-06-18,0,27.600000000000001,14.5
2019-07-13,0,30.899999999999999,20.399999999999999
2019-07-16,43,29,16.399999999999999
2019-08-08,0,30.100000000000001
2019-10-31,0,,13.800000000000001
2019-11-08,363,14.699999999999999
2019-11-15,231,12
2019-11-22,23,18.199999999999999
2019-11-25,20,18.399999999999999
2019-12-01,0,22.199999999999999,7.2999999999999998
2019-12-22,122,17
2019-12-29,0,15.300000000000001
2019-01-07,0,14.4,2.2999999999999998
2019-01-14,0
2019-01-30,23,11.1,4.7000000000000002
2019-03-03,3,16.399999999999999,5.4000000000000004
2019-03-06,0,18.100000000000001,3.3999999999999999
2019-03-10,0,,9.8000000000000007
2019-03-17,0,,5.9000000000000004
2019-03-26,0,16.899999999999999
2019-04-06,0,18.100000000000001
2019-05-04,0
2019-07-29,0,27.5,17.699999999999999
2019-08-05,0,29,17.899999999999999
2019-09-05,0,28.600000000000001,18.5
2019-09-24,97,26,15.6
2019-09-28,0,26.600000000000001
2019-10-26,0,,13.5
2019-12-04,0,16.5,6.5
2019-12-08,0
2019-01-13,0,14.4,2.2999999999999998
2019-02-03,84,12.800000000000001
2019-03-14,15,15.4
2019-03-20,0,16.800000000000001
2019-04-19,0,23.399999999999999,6.7999999999999998
2019-04-22,0,26
2019-06-25,0,29.399999999999999,19.600000000000001
2019-06-28,0,30.100000000000001
2019-07-17,0,28
2019-08-09,0,30.100000000000001,20.800000000000001
2019-08-26,0,,20.600000000000001
2019-09-13,0,,15.6
2019-09-17,0,,16.399999999999999
2019-09-21,0,28.5
2019-09-23,3
2019-10-05,3
2019-10-19,0,24.399999999999999
2019-10-28,0,23.5
2019-11-24,61,,10
2019-12-05,0,21.199999999999999
2019-12-07,74,17.5
2019-01-03,0,13.6,-1.3999999999999999
2019-01-05,0,,1.8999999999999999
2019-01-08,0,11.4,4.2999999999999998
2019-01-22,3,12.300000000000001
2019-02-12,0,16.100000000000001,1
2019-02-26,0,16.600000000000001
2019-03-13,0,14.1
2019-03-16,0,,7.5
2019-03-28,0,,2.8999999999999999
2019-04-03,0,,9
2019-04-17,13,,6.9000000000000004
2019-04-26,0
2019-04-27,0,18.199999999999999,9.4000000000000004
2019-05-08,0,22.800000000000001
2019-05-21,33,20.800000000000001
2019-06-24,0,28.100000000000001,16
2019-07-23,0,,18.899999999999999
2019-07-26,0,,20.899999999999999
2019-07-28,498
2019-08-17,0,28.300000000000001
2019-08-18,0,30.300000000000001,17.800000000000001
2019-09-18,,27.600000000000001
2019-10-03,0,26.399999999999999,13
2019-10-30,0
2019-11-09,302,15.199999999999999
2019-11-10,33,15.5,6.5
2019-11-13,0,16.199999999999999,7.2999999999999998
2019-11-28,79,18.800000000000001
2019-12-16,0,19.300000000000001
2019-12-23,0,15.199999999999999
2020-01-21,0,16.199999999999999,6.5999999999999996
2020-02-09,0,13.300000000000001,4
2020-02-15,0,16.300000000000001,4.2999999999999998
2020-02-21,0,,6.2000000000000002
2020-03-21,0,18.399999999999999
2020-03-22,0
2020-04-02,0,14.4,5.7999999999999998
2020-04-08,0,19.399999999999999,5.9000000000000004
2020-04-27,0,20.800000000000001,9.9000000000000004
2020-05-12,94
2020-05-20,41,24.100000000000001,14.699999999999999
2020-06-01,0,,12.300000000000001
2020-06-29,0,28.100000000000001
2020-07-03,0,30.300000000000001
2020-07-07,0,,17.699999999999999
2020-07-11,0,29
2020-07-13,0,29.100000000000001
2020-07-16,0,27.399999999999999,17.5
2020-01-31,33,,11.9
2020-02-04,0,18.600000000000001,8
2020-04-05,0,18.600000000000001,3.8999999999999999
2020-05-27,0,25.800000000000001,14.199999999999999
2020-06-10,15,19.899999999999999
2020-06-15,0,,14.699999999999999
2020-06-18,0,24.600000000000001,13.4
2020-07-17,0,,16.5
2020-01-01,0,,4
2020-01-08,3,15.6,3.7000000000000002
2020-01-12,3,,3.7999999999999998
2020-01-20,0,,5.7999999999999998
2020-01-30,0,16.800000000000001,5.4000000000000004
2020-02-13,0,15.300000000000001,2.6000000000000001
2020-02-25,0,17.399999999999999
2020-03-06,43
2020-03-20,0,,6.7999999999999998
2020-04-01,3,16.699999999999999
2020-04-03,5,17
2020-05-05,0,23.199999999999999,12.4
2020-06-22,0,,15
2020-06-27,0
2020-07-19,0,29.199999999999999,18
2020-01-05,0,,4.7999999999999998
2020-01-14,0
2020-01-16,0,13,6.5999999999999996
2020-01-17,0,16.199999999999999
2020-02-29,0,16.5,4.7999999999999998
2020-03-04,30,16,4
2020-04-26,0,20.600000000000001
2020-05-01,0,23
2020-05-06,0,22.300000000000001,12.6
2020-05-10,0
2020-05-15,3,22.5
2020-05-24,0,22.399999999999999
2020-07-05,0,27.300000000000001
2020-07-10,0,30.800000000000001
2020-07-23,0,29.5,17.800000000000001
2020-02-01,3,16.399999999999999,9.5
2020-02-03,0,20.800000000000001
2020-02-05,0,17.399999999999999
2020-02-10,3,,9.6999999999999993
2020-02-24,0,17.5,5.5999999999999996
2020-03-01,3,15.300000000000001
2020-03-19,0,,5.5999999999999996
2020-03-25,0,13.300000000000001
2020-04-25,0,,8.5
2020-05-03,0,23
2020-05-04,0,22.199999999999999,12.6
2020-06-17,0
2020-06-23,0,28.399999999999999
2020-01-02,0,15.1,3.7000000000000002
2020-02-22,0,17.5,5.2000000000000002
2020-02-28,112
2020-04-30,0,21.399999999999999
2020-05-19,302,22
2020-06-04,8,26.399999999999999,15.5
2020-06-25,0,27.699999999999999,17.399999999999999
2020-07-02,0,28.5
2020-07-08,0,29.300000000000001
2020-07-18,0,29.699999999999999
2020-01-11,3,15.4,4.9000000000000004
2020-01-22,0,20.199999999999999,7.0999999999999996
2020-01-24,0,15.300000000000001
2020-03-13,,17.199999999999999
2020-04-04,0,,4.5999999999999996
2020-04-10,0,20,5.7000000000000002
2020-04-11,0,23,5.5999999999999996
2020-04-14,5
2020-04-20,89
2020-05-02,0,23.100000000000001,16.5
2020-05-08,0,24.300000000000001,11.9
2020-05-13,0,26.100000000000001,14.9
2020-05-21,0,,15.800000000000001
2020-06-03,0,24.100000000000001,12
2020-06-07,0,26.399999999999999,14.6
2020-06-08,0
2020-01-29,5,16
2020-02-06,0,15.199999999999999,0.80000000000000004
2020-02-19,0,15.300000000000001,6.4000000000000004
2020-03-11,0,,5.5
2020-03-18,0
2020-03-29,13,17.600000000000001,5.4000000000000004
2020-03-30,0,17.699999999999999,6.7000000000000002
2020-05-25,0
2020-05-31,0,23.600000000000001
2020-06-16,0,,14
2020-07-06,0,27.399999999999999,16.800000000000001
2020-01-13,0,,3
2020-03-07,18,17.5
2020-03-16,0,,5.7999999999999998
2020-05-07,0,22.699999999999999,13.800000000000001
2020-05-09,0,22.600000000000001,11.5
2020-06-14,58,24
2020-07-12,0,28.399999999999999,18.399999999999999
2020-07-26,0,30.100000000000001,16.600000000000001
2020-01-19,0,15.199999999999999,2.7000000000000002
2020-01-23,0,18.199999999999999
2020-02-11,0,16.5,9.4000000000000004
2020-03-02,36
2020-03-14,,,8.5
2020-04-07,0,20.5,6.5
2020-05-29,0,23.100000000000001,12.4
2020-06-13,0,25.300000000000001
2020-06-20,0
2020-06-26,0,,17.5
2020-07-15,0,28.699999999999999
2020-01-03,0,,5.4000000000000004
2020-01-06,0,15.4,3.5
2020-01-18,43,14
2020-01-28,13,15.6,8.9000000000000004
2020-02-08,0,16.199999999999999,1.8
2020-02-16,0,16.100000000000001,4.5999999999999996
2020-03-24,0,14.300000000000001
2020-04-13,0,,6.9000000000000004
2020-04-15,3,20.600000000000001,7.4000000000000004
2020-04-18,0,20.100000000000001,11.4
2020-04-21,155
2020-06-11,140
2020-06-19,0,27,13.4
2020-06-24,0,30.699999999999999,16.800000000000001
2020-06-30,0,28.300000000000001,19.5
2020-07-04,0,30.800000000000001
2020-07-27,0,30.399999999999999,19
2020-01-04,0,15.699999999999999,7.2999999999999998
2020-01-07,0,13.4,4.4000000000000004
2020-02-02,0
2020-03-05,0,,5.7999999999999998
2020-03-08,0,,3.5
2020-03-15,0,17.800000000000001
2020-05-16,0,,14.5
2020-05-17,0,22.699999999999999,13.5
2020-05-18,0,21.699999999999999
2020-05-30,0,,11.6
2020-06-05,0
2020-06-12,442,30.399999999999999,13.699999999999999
2020-07-24,0,29.600000000000001,19.5
2020-01-09,0,15.4,3
2020-02-07,0,,2.8999999999999999
2020-02-18,0,16,9.8000000000000007
2020-02-20,0,16.199999999999999,4.7999999999999998
2020-03-17,0,16.5,8.5999999999999996
2020-03-26,0,11.6,-0.10000000000000001
2020-04-12,0,,6.2000000000000002
2020-04-24,0,,8.5999999999999996
2020-05-14,0,23.300000000000001,13.5
2020-05-22,0,24.899999999999999,13.800000000000001
2020-05-26,0,26.199999999999999,14.800000000000001
2020-07-01,0,,18
2020-07-09,0,32.200000000000003
2020-01-10,0,15.6,4.9000000000000004
2020-01-27,3,16.100000000000001,4.7000000000000002
2020-02-12,0
2020-02-14,43,16.5
2020-02-23,0,16.399999999999999
2020-02-27,3
2020-03-12,0,,9
2020-03-23,0,16.899999999999999
2020-04-09,0,19,5.7999999999999998
2020-07-29,0,,19.699999999999999
2020-02-26,0,15.300000000000001
2020-03-03,140,13.5
2020-03-09,0,15.199999999999999
2020-03-10,33,,3.7000000000000002
2020-03-28,8,16.300000000000001
2020-04-06,0,,6
2020-04-16,0,20.5,7.7999999999999998
2020-04-17,0,21.399999999999999,8.5
2020-04-23,124,20.699999999999999
2020-04-29,38,20.199999999999999
2020-05-23,0,24.5,13.800000000000001
2020-05-28,0,24.300000000000001,12.699999999999999
2020-06-06,0,24
2020-06-09,0,22.600000000000001
2020-07-14,0,28.5,18.699999999999999
2020-07-28,0,32.100000000000001,19.699999999999999
2020-01-15,0,15.5,2.8999999999999999
2020-01-25,64,16
2020-01-26,0,16
2020-02-17,3,16.199999999999999,5
2020-03-27,3,16.399999999999999
2020-03-31,0,,7.7999999999999998
2020-04-19,0,20.399999999999999
2020-04-22,71,15.5
2020-04-28,5,19.699999999999999
2020-05-11,183,22.399999999999999
2020-06-02,0,24.600000000000001,13.800000000000001
2020-06-21,0,25.100000000000001,14.800000000000001
2020-06-28,0,28,17.800000000000001
2020-07-20,0,29.100000000000001,17.800000000000001
2020-07-21,0,31,17.899999999999999
2020-07-22,0,,18.699999999999999
2020-07-25,0,31.399999999999999,18.699999999999999
